[
  {
    "bridge_balance_mohm": 15.2014646530151,
    "id": 478112417,
    "leak_pa": -4.023521900177,
    "num_spikes": 9,
    "peak_deflection": null,
    "post_noise_rms_mv": 0.0495622493326664,
    "post_vm_mv": -75.4244918823242,
    "pre_noise_rms_mv": 0.043082807213068,
    "pre_vm_mv": -75.3582229614258,
    "slow_noise_rms_mv": 0.23485478758812,
    "slow_vm_mv": -75.3582229614258,
    "specimen_id": 478110866,
    "stimulus_absolute_amplitude": 50.0000006675716,
    "stimulus_description": "C1LSFINEST150112[0]",
    "stimulus_duration": 0.999995,
    "stimulus_interval": 0.0,
    "stimulus_name": "Long Square",
    "stimulus_relative_amplitude": 0.5,
    "stimulus_start_time": 1.02,
    "stimulus_units": "Amps",
    "sweep_number": 38,
    "vm_delta_mv": 0.0662689208984375
  },
  {
    "bridge_balance_mohm": 15.2014646530151,
    "id": 478112359,
    "leak_pa": -0.619003355503082,
    "num_spikes": 1,
    "peak_deflection": null,
    "post_noise_rms_mv": 0.0419601611793041,
    "post_vm_mv": -74.7815170288086,
    "pre_noise_rms_mv": 0.0436583310365677,
    "pre_vm_mv": -74.6070785522461,
    "slow_noise_rms_mv": 0.101134486496449,
    "slow_vm_mv": -74.6070785522461,
    "specimen_id": 478110866,
    "stimulus_absolute_amplitude": 400.000005340573,
    "stimulus_description": "C1SSCOARSE150112[3]",
    "stimulus_duration": 0.002995,
    "stimulus_interval": 0.0,
    "stimulus_name": "Short Square",
    "stimulus_relative_amplitude": 1.0,
    "stimulus_start_time": 1.02,
    "stimulus_units": "Amps",
    "sweep_number": 11,
    "vm_delta_mv": 0.1744384765625
  },
  {
    "bridge_balance_mohm": 15.2014646530151,
    "id": 478112375,
    "leak_pa": -0.433302372694016,
    "num_spikes": 1,
    "peak_deflection": null,
    "post_noise_rms_mv": 0.0373578816652298,
    "post_vm_mv": -75.0431671142578,
    "pre_noise_rms_mv": 0.0420843735337257,
    "pre_vm_mv": -74.9226379394531,
    "slow_noise_rms_mv": 0.0986641496419907,
    "slow_vm_mv": -74.9226379394531,
    "specimen_id": 478110866,
    "stimulus_absolute_amplitude": 350.000001203554,
    "stimulus_description": "C1SSFINEST150112[0]",
    "stimulus_duration": 0.002995,
    "stimulus_interval": 0.0,
    "stimulus_name": "Short Square",
    "stimulus_relative_amplitude": 3.5,
    "stimulus_start_time": 1.02,
    "stimulus_units": "Amps",
    "sweep_number": 19,
    "vm_delta_mv": 0.120529174804688
  },
  {
    "bridge_balance_mohm": 15.2014646530151,
    "id": 478112411,
    "leak_pa": -3.65212035179138,
    "num_spikes": 46,
    "peak_deflection": null,
    "post_noise_rms_mv": 0.0455322787165642,
    "post_vm_mv": -74.8223114013672,
    "pre_noise_rms_mv": 0.0448394529521465,
    "pre_vm_mv": -75.2999420166016,
    "slow_noise_rms_mv": 0.131277054548264,
    "slow_vm_mv": -75.2999420166016,
    "specimen_id": 478110866,
    "stimulus_absolute_amplitude": 190.000001842883,
    "stimulus_description": "C1LSCOARSE150216[15]",
    "stimulus_duration": 0.999995,
    "stimulus_interval": 0.0,
    "stimulus_name": "Long Square",
    "stimulus_relative_amplitude": 1.0,
    "stimulus_start_time": 1.02,
    "stimulus_units": "Amps",
    "sweep_number": 35,
    "vm_delta_mv": 0.477630615234375
  },
  {
    "bridge_balance_mohm": 15.2014646530151,
    "id": 478112437,
    "leak_pa": -4.08542251586914,
    "num_spikes": 85,
    "peak_deflection": null,
    "post_noise_rms_mv": 0.0482416227459908,
    "post_vm_mv": -75.3041534423828,
    "pre_noise_rms_mv": 0.0426710657775402,
    "pre_vm_mv": -74.9320373535156,
    "slow_noise_rms_mv": 0.111431911587715,
    "slow_vm_mv": -74.9320373535156,
    "specimen_id": 478110866,
    "stimulus_absolute_amplitude": 117.875001426349,
    "stimulus_description": "C1NSSEED_2150216[0]",
    "stimulus_duration": 18.999995,
    "stimulus_interval": 8.0,
    "stimulus_name": "Noise 2",
    "stimulus_relative_amplitude": 0.5,
    "stimulus_start_time": 2.02,
    "stimulus_units": "Amps",
    "sweep_number": 47,
    "vm_delta_mv": 0.372116088867188
  },
  {
    "bridge_balance_mohm": 15.2014646530151,
    "id": 478112369,
    "leak_pa": -2.97121644020081,
    "num_spikes": 1,
    "peak_deflection": null,
    "post_noise_rms_mv": 0.0386101379990578,
    "post_vm_mv": -75.4612426757812,
    "pre_noise_rms_mv": 0.0444726534187794,
    "pre_vm_mv": -75.8402786254883,
    "slow_noise_rms_mv": 0.0891302078962326,
    "slow_vm_mv": -75.8402786254883,
    "specimen_id": 478110866,
    "stimulus_absolute_amplitude": 350.000001203554,
    "stimulus_description": "C1SSFINEST150112[0]",
    "stimulus_duration": 0.002995,
    "stimulus_interval": 0.0,
    "stimulus_name": "Short Square",
    "stimulus_relative_amplitude": 3.5,
    "stimulus_start_time": 1.02,
    "stimulus_units": "Amps",
    "sweep_number": 16,
    "vm_delta_mv": 0.379035949707031
  },
  {
    "bridge_balance_mohm": 15.2014646530151,
    "id": 478112371,
    "leak_pa": -2.72361493110657,
    "num_spikes": 1,
    "peak_deflection": null,
    "post_noise_rms_mv": 0.0454357452690601,
    "post_vm_mv": -75.8044128417969,
    "pre_noise_rms_mv": 0.0352013371884823,
    "pre_vm_mv": -75.5805740356445,
    "slow_noise_rms_mv": 0.0778831467032433,
    "slow_vm_mv": -75.5805740356445,
    "specimen_id": 478110866,
    "stimulus_absolute_amplitude": 350.000001203554,
    "stimulus_description": "C1SSFINEST150112[0]",
    "stimulus_duration": 0.002995,
    "stimulus_interval": 0.0,
    "stimulus_name": "Short Square",
    "stimulus_relative_amplitude": 3.5,
    "stimulus_start_time": 1.02,
    "stimulus_units": "Amps",
    "sweep_number": 17,
    "vm_delta_mv": 0.223838806152344
  },
  {
    "bridge_balance_mohm": 15.2014646530151,
    "id": 478112460,
    "leak_pa": 0.0,
    "num_spikes": 26,
    "peak_deflection": null,
    "post_noise_rms_mv": 0.0,
    "post_vm_mv": 0.0,
    "pre_noise_rms_mv": 0.0413402393460274,
    "pre_vm_mv": -74.579231262207,
    "slow_noise_rms_mv": 0.130916103720665,
    "slow_vm_mv": -74.579231262207,
    "specimen_id": 478110866,
    "stimulus_absolute_amplitude": 800.000010681146,
    "stimulus_description": "C1RP25PR1S141203[0]",
    "stimulus_duration": 31.997495,
    "stimulus_interval": 0.0,
    "stimulus_name": "Ramp",
    "stimulus_relative_amplitude": 1.0,
    "stimulus_start_time": 1.0225,
    "stimulus_units": "Amps",
    "sweep_number": 6,
    "vm_delta_mv": 0.0
  },
  {
    "bridge_balance_mohm": 15.2014646530151,
    "id": 478112421,
    "leak_pa": 0.0,
    "num_spikes": 83,
    "peak_deflection": null,
    "post_noise_rms_mv": 0.0,
    "post_vm_mv": 0.0,
    "pre_noise_rms_mv": 0.0421036630868912,
    "pre_vm_mv": -75.6034698486328,
    "slow_noise_rms_mv": 0.156379371881485,
    "slow_vm_mv": -75.6034698486328,
    "specimen_id": 478110866,
    "stimulus_absolute_amplitude": 800.000010681146,
    "stimulus_description": "C1RP25PR1S141203[0]",
    "stimulus_duration": 31.997495,
    "stimulus_interval": 0.0,
    "stimulus_name": "Ramp",
    "stimulus_relative_amplitude": 1.0,
    "stimulus_start_time": 1.0225,
    "stimulus_units": "Amps",
    "sweep_number": 4,
    "vm_delta_mv": 0.0
  },
  {
    "bridge_balance_mohm": 15.2014646530151,
    "id": 478112401,
    "leak_pa": -2.16651201248169,
    "num_spikes": 28,
    "peak_deflection": null,
    "post_noise_rms_mv": 0.0404968932271004,
    "post_vm_mv": -74.9226684570312,
    "pre_noise_rms_mv": 0.0451195240020752,
    "pre_vm_mv": -75.0047378540039,
    "slow_noise_rms_mv": 0.0966981276869774,
    "slow_vm_mv": -75.0047378540039,
    "specimen_id": 478110866,
    "stimulus_absolute_amplitude": 90.0000005077395,
    "stimulus_description": "C1LSCOARSE150216[10]",
    "stimulus_duration": 0.999995,
    "stimulus_interval": 0.0,
    "stimulus_name": "Long Square",
    "stimulus_relative_amplitude": 1.0,
    "stimulus_start_time": 1.02,
    "stimulus_units": "Amps",
    "sweep_number": 30,
    "vm_delta_mv": 0.0820693969726562
  },
  {
    "bridge_balance_mohm": 15.2014646530151,
    "id": 478112433,
    "leak_pa": -5.07582759857178,
    "num_spikes": 79,
    "peak_deflection": null,
    "post_noise_rms_mv": 0.0473977811634541,
    "post_vm_mv": -75.4527435302734,
    "pre_noise_rms_mv": 0.0346098616719246,
    "pre_vm_mv": -75.3111038208008,
    "slow_noise_rms_mv": 0.0777369290590286,
    "slow_vm_mv": -75.3111038208008,
    "specimen_id": 478110866,
    "stimulus_absolute_amplitude": 117.875001426349,
    "stimulus_description": "C1NSSEED_2150216[0]",
    "stimulus_duration": 18.999995,
    "stimulus_interval": 8.0,
    "stimulus_name": "Noise 2",
    "stimulus_relative_amplitude": 0.5,
    "stimulus_start_time": 2.02,
    "stimulus_units": "Amps",
    "sweep_number": 45,
    "vm_delta_mv": 0.141639709472656
  },
  {
    "bridge_balance_mohm": 15.2014646530151,
    "id": 478112403,
    "leak_pa": -4.4568247795105,
    "num_spikes": 34,
    "peak_deflection": null,
    "post_noise_rms_mv": 0.0412283465266228,
    "post_vm_mv": -75.5550384521484,
    "pre_noise_rms_mv": 0.0441625192761421,
    "pre_vm_mv": -75.8285598754883,
    "slow_noise_rms_mv": 0.11269573122263,
    "slow_vm_mv": -75.8285598754883,
    "specimen_id": 478110866,
    "stimulus_absolute_amplitude": 110.000002162547,
    "stimulus_description": "C1LSCOARSE150216[11]",
    "stimulus_duration": 0.999995,
    "stimulus_interval": 0.0,
    "stimulus_name": "Long Square",
    "stimulus_relative_amplitude": 1.0,
    "stimulus_start_time": 1.02,
    "stimulus_units": "Amps",
    "sweep_number": 31,
    "vm_delta_mv": 0.273521423339844
  },
  {
    "bridge_balance_mohm": 15.2014646530151,
    "id": 478112425,
    "leak_pa": -4.58062553405762,
    "num_spikes": 80,
    "peak_deflection": null,
    "post_noise_rms_mv": 0.0399376079440117,
    "post_vm_mv": -75.5506210327148,
    "pre_noise_rms_mv": 0.0442085340619087,
    "pre_vm_mv": -75.4579772949219,
    "slow_noise_rms_mv": 0.185402199625969,
    "slow_vm_mv": -75.4579772949219,
    "specimen_id": 478110866,
    "stimulus_absolute_amplitude": 117.875001426349,
    "stimulus_description": "C1NSSEED_2150216[0]",
    "stimulus_duration": 18.999995,
    "stimulus_interval": 8.0,
    "stimulus_name": "Noise 2",
    "stimulus_relative_amplitude": 0.5,
    "stimulus_start_time": 2.02,
    "stimulus_units": "Amps",
    "sweep_number": 41,
    "vm_delta_mv": 0.0926437377929688
  },
  {
    "bridge_balance_mohm": 15.2014646530151,
    "id": 478112419,
    "leak_pa": -4.51872491836548,
    "num_spikes": 8,
    "peak_deflection": null,
    "post_noise_rms_mv": 0.0341225415468216,
    "post_vm_mv": -75.4682235717773,
    "pre_noise_rms_mv": 0.0415058881044388,
    "pre_vm_mv": -75.3070297241211,
    "slow_noise_rms_mv": 0.122815914452076,
    "slow_vm_mv": -75.3070297241211,
    "specimen_id": 478110866,
    "stimulus_absolute_amplitude": 50.0000006675716,
    "stimulus_description": "C1LSFINEST150112[0]",
    "stimulus_duration": 0.999995,
    "stimulus_interval": 0.0,
    "stimulus_name": "Long Square",
    "stimulus_relative_amplitude": 0.5,
    "stimulus_start_time": 1.02,
    "stimulus_units": "Amps",
    "sweep_number": 39,
    "vm_delta_mv": 0.16119384765625
  },
  {
    "bridge_balance_mohm": 15.2014646530151,
    "id": 478112393,
    "leak_pa": -1.73320949077606,
    "num_spikes": 0,
    "peak_deflection": -58.8437538146973,
    "post_noise_rms_mv": 0.0331549644470215,
    "post_vm_mv": -74.9633712768555,
    "pre_noise_rms_mv": 0.0429546423256397,
    "pre_vm_mv": -74.8052597045898,
    "slow_noise_rms_mv": 0.0910001397132874,
    "slow_vm_mv": -74.8052597045898,
    "specimen_id": 478110866,
    "stimulus_absolute_amplitude": 30.0000024822111,
    "stimulus_description": "C1LSCOARSE150216[7]",
    "stimulus_duration": 0.999995,
    "stimulus_interval": 0.0,
    "stimulus_name": "Long Square",
    "stimulus_relative_amplitude": 1.0,
    "stimulus_start_time": 1.02,
    "stimulus_units": "Amps",
    "sweep_number": 27,
    "vm_delta_mv": 0.158111572265625
  },
  {
    "bridge_balance_mohm": 15.2014646530151,
    "id": 478112395,
    "leak_pa": 0.0619003400206566,
    "num_spikes": 9,
    "peak_deflection": null,
    "post_noise_rms_mv": 0.0394493602216244,
    "post_vm_mv": -74.4200134277344,
    "pre_noise_rms_mv": 0.0502567626535892,
    "pre_vm_mv": -74.1705703735352,
    "slow_noise_rms_mv": 0.107114031910896,
    "slow_vm_mv": -74.1705703735352,
    "specimen_id": 478110866,
    "stimulus_absolute_amplitude": 50.0000006675716,
    "stimulus_description": "C1LSCOARSE150216[8]",
    "stimulus_duration": 0.999995,
    "stimulus_interval": 0.0,
    "stimulus_name": "Long Square",
    "stimulus_relative_amplitude": 1.0,
    "stimulus_start_time": 1.02,
    "stimulus_units": "Amps",
    "sweep_number": 28,
    "vm_delta_mv": 0.249443054199219
  },
  {
    "bridge_balance_mohm": 15.2014646530151,
    "id": 478112429,
    "leak_pa": -4.51872491836548,
    "num_spikes": 85,
    "peak_deflection": null,
    "post_noise_rms_mv": 0.049112293869257,
    "post_vm_mv": -75.316291809082,
    "pre_noise_rms_mv": 0.0505811609327793,
    "pre_vm_mv": -75.4150772094727,
    "slow_noise_rms_mv": 0.136198654770851,
    "slow_vm_mv": -75.4150772094727,
    "specimen_id": 478110866,
    "stimulus_absolute_amplitude": 117.875001426349,
    "stimulus_description": "C1NSSEED_2150216[0]",
    "stimulus_duration": 18.999995,
    "stimulus_interval": 8.0,
    "stimulus_name": "Noise 2",
    "stimulus_relative_amplitude": 0.5,
    "stimulus_start_time": 2.02,
    "stimulus_units": "Amps",
    "sweep_number": 43,
    "vm_delta_mv": 0.098785400390625
  },
  {
    "bridge_balance_mohm": 0.0,
    "id": 478112355,
    "leak_pa": 0.0,
    "num_spikes": 0,
    "peak_deflection": null,
    "post_noise_rms_mv": 0.0,
    "post_vm_mv": 0.0,
    "pre_noise_rms_mv": 0.0,
    "pre_vm_mv": 0.0,
    "slow_noise_rms_mv": 0.0,
    "slow_vm_mv": 0.0,
    "specimen_id": 478110866,
    "stimulus_absolute_amplitude": 9.99999977648258,
    "stimulus_description": "EXTPINBATH141203[0]",
    "stimulus_duration": 0.069995,
    "stimulus_interval": 0.05,
    "stimulus_name": "Test",
    "stimulus_relative_amplitude": 1.0,
    "stimulus_start_time": 0.03,
    "stimulus_units": "Volts",
    "sweep_number": 1,
    "vm_delta_mv": 0.0
  },
  {
    "bridge_balance_mohm": 15.2014646530151,
    "id": 478112439,
    "leak_pa": -4.08542251586914,
    "num_spikes": 0,
    "peak_deflection": null,
    "post_noise_rms_mv": 0.0,
    "post_vm_mv": 0.0,
    "pre_noise_rms_mv": 0.0,
    "pre_vm_mv": 0.0,
    "slow_noise_rms_mv": 0.0,
    "slow_vm_mv": 0.0,
    "specimen_id": 478110866,
    "stimulus_absolute_amplitude": 9.99999977648258,
    "stimulus_description": "EXTPRSCHEK150209[0]",
    "stimulus_duration": 0.069995,
    "stimulus_interval": 0.05,
    "stimulus_name": "Test",
    "stimulus_relative_amplitude": 1.0,
    "stimulus_start_time": 0.03,
    "stimulus_units": "Volts",
    "sweep_number": 48,
    "vm_delta_mv": 0.0
  },
  {
    "bridge_balance_mohm": 15.2014646530151,
    "id": 478112385,
    "leak_pa": -1.73320949077606,
    "num_spikes": 0,
    "peak_deflection": -89.3750076293945,
    "post_noise_rms_mv": 0.03901232406497,
    "post_vm_mv": -74.5955581665039,
    "pre_noise_rms_mv": 0.0334760434925556,
    "pre_vm_mv": -74.7290573120117,
    "slow_noise_rms_mv": 0.161547437310219,
    "slow_vm_mv": -74.7290573120117,
    "specimen_id": 478110866,
    "stimulus_absolute_amplitude": -50.0000006675716,
    "stimulus_description": "C1LSCOARSE150216[3]",
    "stimulus_duration": 0.999995,
    "stimulus_interval": 0.0,
    "stimulus_name": "Long Square",
    "stimulus_relative_amplitude": 1.0,
    "stimulus_start_time": 1.02,
    "stimulus_units": "Amps",
    "sweep_number": 23,
    "vm_delta_mv": 0.133499145507812
  },
  {
    "bridge_balance_mohm": 15.2014646530151,
    "id": 478112391,
    "leak_pa": -1.73320949077606,
    "num_spikes": 0,
    "peak_deflection": -69.90625,
    "post_noise_rms_mv": 0.0400270968675613,
    "post_vm_mv": -74.7913131713867,
    "pre_noise_rms_mv": 0.0360634028911591,
    "pre_vm_mv": -74.9052276611328,
    "slow_noise_rms_mv": 0.0889837145805359,
    "slow_vm_mv": -74.9052276611328,
    "specimen_id": 478110866,
    "stimulus_absolute_amplitude": 9.99999996004197,
    "stimulus_description": "C1LSCOARSE150216[6]",
    "stimulus_duration": 0.999995,
    "stimulus_interval": 0.0,
    "stimulus_name": "Long Square",
    "stimulus_relative_amplitude": 1.0,
    "stimulus_start_time": 1.02,
    "stimulus_units": "Amps",
    "sweep_number": 26,
    "vm_delta_mv": 0.113914489746094
  },
  {
    "bridge_balance_mohm": 15.2014646530151,
    "id": 478112423,
    "leak_pa": -2.66171455383301,
    "num_spikes": 89,
    "peak_deflection": null,
    "post_noise_rms_mv": 0.0344509072601795,
    "post_vm_mv": -75.0143051147461,
    "pre_noise_rms_mv": 0.0521869957447052,
    "pre_vm_mv": -74.8448181152344,
    "slow_noise_rms_mv": 0.10637566447258,
    "slow_vm_mv": -74.8448181152344,
    "specimen_id": 478110866,
    "stimulus_absolute_amplitude": 115.875004036425,
    "stimulus_description": "C1NSSEED_1150216[0]",
    "stimulus_duration": 18.999995,
    "stimulus_interval": 8.0,
    "stimulus_name": "Noise 1",
    "stimulus_relative_amplitude": 0.5,
    "stimulus_start_time": 2.02,
    "stimulus_units": "Amps",
    "sweep_number": 40,
    "vm_delta_mv": 0.169486999511719
  },
  {
    "bridge_balance_mohm": 15.2014646530151,
    "id": 478112407,
    "leak_pa": -4.70442628860474,
    "num_spikes": 46,
    "peak_deflection": null,
    "post_noise_rms_mv": 0.060029212385416,
    "post_vm_mv": -74.8029403686523,
    "pre_noise_rms_mv": 0.0432871878147125,
    "pre_vm_mv": -75.6689376831055,
    "slow_noise_rms_mv": 0.167896181344986,
    "slow_vm_mv": -75.6689376831055,
    "specimen_id": 478110866,
    "stimulus_absolute_amplitude": 149.999998533268,
    "stimulus_description": "C1LSCOARSE150216[13]",
    "stimulus_duration": 0.999995,
    "stimulus_interval": 0.0,
    "stimulus_name": "Long Square",
    "stimulus_relative_amplitude": 1.0,
    "stimulus_start_time": 1.02,
    "stimulus_units": "Amps",
    "sweep_number": 33,
    "vm_delta_mv": 0.865997314453125
  },
  {
    "bridge_balance_mohm": 15.2014646530151,
    "id": 478112361,
    "leak_pa": -2.66171455383301,
    "num_spikes": 1,
    "peak_deflection": null,
    "post_noise_rms_mv": 0.0431505925953388,
    "post_vm_mv": -75.4429092407227,
    "pre_noise_rms_mv": 0.0395576022565365,
    "pre_vm_mv": -75.2687530517578,
    "slow_noise_rms_mv": 0.101701259613037,
    "slow_vm_mv": -75.2687530517578,
    "specimen_id": 478110866,
    "stimulus_absolute_amplitude": 350.000001203554,
    "stimulus_description": "C1SSFINEST150112[0]",
    "stimulus_duration": 0.002995,
    "stimulus_interval": 0.0,
    "stimulus_name": "Short Square",
    "stimulus_relative_amplitude": 3.5,
    "stimulus_start_time": 1.02,
    "stimulus_units": "Amps",
    "sweep_number": 12,
    "vm_delta_mv": 0.174156188964844
  },
  {
    "bridge_balance_mohm": 18.0097675323486,
    "id": 478112456,
    "leak_pa": -34.0451850891113,
    "num_spikes": 0,
    "peak_deflection": null,
    "post_noise_rms_mv": 0.0,
    "post_vm_mv": 0.0,
    "pre_noise_rms_mv": 0.0,
    "pre_vm_mv": 0.0,
    "slow_noise_rms_mv": 0.0,
    "slow_vm_mv": 0.0,
    "specimen_id": 478110866,
    "stimulus_absolute_amplitude": 9.99999977648258,
    "stimulus_description": "EXTPGGAEND141203[0]",
    "stimulus_duration": 0.069995,
    "stimulus_interval": 0.05,
    "stimulus_name": "Test",
    "stimulus_relative_amplitude": 1.0,
    "stimulus_start_time": 0.03,
    "stimulus_units": "Volts",
    "sweep_number": 55,
    "vm_delta_mv": 0.0
  },
  {
    "bridge_balance_mohm": 15.2014646530151,
    "id": 478112441,
    "leak_pa": -5.75673151016235,
    "num_spikes": 0,
    "peak_deflection": null,
    "post_noise_rms_mv": 0.0318109728395939,
    "post_vm_mv": -74.4167175292969,
    "pre_noise_rms_mv": 0.0580074973404408,
    "pre_vm_mv": -75.1503372192383,
    "slow_noise_rms_mv": 0.476889371871948,
    "slow_vm_mv": -75.1503372192383,
    "specimen_id": 478110866,
    "stimulus_absolute_amplitude": -200.000002670286,
    "stimulus_description": "C1SQCAPCHK141203[0]",
    "stimulus_duration": 7.218495,
    "stimulus_interval": 0.2005,
    "stimulus_name": "Square - 0.5ms Subthreshold",
    "stimulus_relative_amplitude": 1.0,
    "stimulus_start_time": 0.8215,
    "stimulus_units": "Amps",
    "sweep_number": 49,
    "vm_delta_mv": 0.733619689941406
  },
  {
    "bridge_balance_mohm": 15.2014646530151,
    "id": 478112443,
    "leak_pa": 0.0,
    "num_spikes": 50,
    "peak_deflection": null,
    "post_noise_rms_mv": 0.0,
    "post_vm_mv": 0.0,
    "pre_noise_rms_mv": 0.0328577645123005,
    "pre_vm_mv": -75.6164703369141,
    "slow_noise_rms_mv": 0.074097141623497,
    "slow_vm_mv": -75.6164703369141,
    "specimen_id": 478110866,
    "stimulus_absolute_amplitude": 800.000010681146,
    "stimulus_description": "C1RP25PR1S141203[0]",
    "stimulus_duration": 31.997495,
    "stimulus_interval": 0.0,
    "stimulus_name": "Ramp",
    "stimulus_relative_amplitude": 1.0,
    "stimulus_start_time": 1.0225,
    "stimulus_units": "Amps",
    "sweep_number": 5,
    "vm_delta_mv": 0.0
  },
  {
    "bridge_balance_mohm": 0.0,
    "id": 478112399,
    "leak_pa": 0.0,
    "num_spikes": 0,
    "peak_deflection": null,
    "post_noise_rms_mv": 0.0,
    "post_vm_mv": 0.0,
    "pre_noise_rms_mv": 0.0,
    "pre_vm_mv": 0.0,
    "slow_noise_rms_mv": 0.0,
    "slow_vm_mv": 0.0,
    "specimen_id": 478110866,
    "stimulus_absolute_amplitude": 9.99999977648258,
    "stimulus_description": "EXTPBREAKN141203[0]",
    "stimulus_duration": 0.069995,
    "stimulus_interval": 0.05,
    "stimulus_name": "Test",
    "stimulus_relative_amplitude": 1.0,
    "stimulus_start_time": 0.03,
    "stimulus_units": "Volts",
    "sweep_number": 3,
    "vm_delta_mv": 0.0
  },
  {
    "bridge_balance_mohm": 15.2014646530151,
    "id": 478112365,
    "leak_pa": -2.84741568565369,
    "num_spikes": 0,
    "peak_deflection": null,
    "post_noise_rms_mv": 0.043895997107029,
    "post_vm_mv": -75.2745513916016,
    "pre_noise_rms_mv": 0.0444862805306911,
    "pre_vm_mv": -75.6742095947266,
    "slow_noise_rms_mv": 0.109786011278629,
    "slow_vm_mv": -75.6742095947266,
    "specimen_id": 478110866,
    "stimulus_absolute_amplitude": 340.000000376151,
    "stimulus_description": "C1SSFINEST150112[0]",
    "stimulus_duration": 0.002995,
    "stimulus_interval": 0.0,
    "stimulus_name": "Short Square",
    "stimulus_relative_amplitude": 3.4,
    "stimulus_start_time": 1.02,
    "stimulus_units": "Amps",
    "sweep_number": 14,
    "vm_delta_mv": 0.399658203125
  },
  {
    "bridge_balance_mohm": 15.2014646530151,
    "id": 478112387,
    "leak_pa": -1.73320949077606,
    "num_spikes": 0,
    "peak_deflection": -84.4375076293945,
    "post_noise_rms_mv": 0.0363265350461006,
    "post_vm_mv": -74.4018173217773,
    "pre_noise_rms_mv": 0.038452535867691,
    "pre_vm_mv": -74.3448867797852,
    "slow_noise_rms_mv": 0.111132271587849,
    "slow_vm_mv": -74.3448867797852,
    "specimen_id": 478110866,
    "stimulus_absolute_amplitude": -30.0000024822111,
    "stimulus_description": "C1LSCOARSE150216[4]",
    "stimulus_duration": 0.999995,
    "stimulus_interval": 0.0,
    "stimulus_name": "Long Square",
    "stimulus_relative_amplitude": 1.0,
    "stimulus_start_time": 1.02,
    "stimulus_units": "Amps",
    "sweep_number": 24,
    "vm_delta_mv": 0.0569305419921875
  },
  {
    "bridge_balance_mohm": 18.0097675323486,
    "id": 478112454,
    "leak_pa": -34.0451850891113,
    "num_spikes": 0,
    "peak_deflection": null,
    "post_noise_rms_mv": 0.0,
    "post_vm_mv": 0.0,
    "pre_noise_rms_mv": 0.0,
    "pre_vm_mv": 0.0,
    "slow_noise_rms_mv": 0.0,
    "slow_vm_mv": 0.0,
    "specimen_id": 478110866,
    "stimulus_absolute_amplitude": 9.99999977648258,
    "stimulus_description": "EXTPEXPEND141203[0]",
    "stimulus_duration": 0.069995,
    "stimulus_interval": 0.05,
    "stimulus_name": "Test",
    "stimulus_relative_amplitude": 1.0,
    "stimulus_start_time": 0.03,
    "stimulus_units": "Volts",
    "sweep_number": 54,
    "vm_delta_mv": 0.0
  },
  {
    "bridge_balance_mohm": 0.0,
    "id": 478112377,
    "leak_pa": 0.0,
    "num_spikes": 0,
    "peak_deflection": null,
    "post_noise_rms_mv": 0.0,
    "post_vm_mv": 0.0,
    "pre_noise_rms_mv": 0.0,
    "pre_vm_mv": 0.0,
    "slow_noise_rms_mv": 0.0,
    "slow_vm_mv": 0.0,
    "specimen_id": 478110866,
    "stimulus_absolute_amplitude": 9.99999977648258,
    "stimulus_description": "EXTPCllATT141203[0]",
    "stimulus_duration": 0.069995,
    "stimulus_interval": 0.05,
    "stimulus_name": "Test",
    "stimulus_relative_amplitude": 1.0,
    "stimulus_start_time": 0.03,
    "stimulus_units": "Volts",
    "sweep_number": 2,
    "vm_delta_mv": 0.0
  },
  {
    "bridge_balance_mohm": 15.2014646530151,
    "id": 478112415,
    "leak_pa": -3.8378210067749,
    "num_spikes": 8,
    "peak_deflection": null,
    "post_noise_rms_mv": 0.0408339239656925,
    "post_vm_mv": -75.5082473754883,
    "pre_noise_rms_mv": 0.0455428510904312,
    "pre_vm_mv": -75.2082748413086,
    "slow_noise_rms_mv": 0.135391533374786,
    "slow_vm_mv": -75.2082748413086,
    "specimen_id": 478110866,
    "stimulus_absolute_amplitude": 50.0000006675716,
    "stimulus_description": "C1LSFINEST150112[0]",
    "stimulus_duration": 0.999995,
    "stimulus_interval": 0.0,
    "stimulus_name": "Long Square",
    "stimulus_relative_amplitude": 0.5,
    "stimulus_start_time": 1.02,
    "stimulus_units": "Amps",
    "sweep_number": 37,
    "vm_delta_mv": 0.299972534179688
  },
  {
    "bridge_balance_mohm": 15.2014646530151,
    "id": 478112405,
    "leak_pa": -4.51872491836548,
    "num_spikes": 42,
    "peak_deflection": null,
    "post_noise_rms_mv": 0.0332790613174438,
    "post_vm_mv": -75.0912704467773,
    "pre_noise_rms_mv": 0.0421832092106342,
    "pre_vm_mv": -75.759880065918,
    "slow_noise_rms_mv": 0.109680064022541,
    "slow_vm_mv": -75.759880065918,
    "specimen_id": 478110866,
    "stimulus_absolute_amplitude": 129.99999687846,
    "stimulus_description": "C1LSCOARSE150216[12]",
    "stimulus_duration": 0.999995,
    "stimulus_interval": 0.0,
    "stimulus_name": "Long Square",
    "stimulus_relative_amplitude": 1.0,
    "stimulus_start_time": 1.02,
    "stimulus_units": "Amps",
    "sweep_number": 32,
    "vm_delta_mv": 0.668609619140625
  },
  {
    "bridge_balance_mohm": 15.2014646530151,
    "id": 478112427,
    "leak_pa": -4.20922327041626,
    "num_spikes": 83,
    "peak_deflection": null,
    "post_noise_rms_mv": 0.044146690517664,
    "post_vm_mv": -75.2803192138672,
    "pre_noise_rms_mv": 0.0389715395867825,
    "pre_vm_mv": -75.4940567016602,
    "slow_noise_rms_mv": 0.110230505466461,
    "slow_vm_mv": -75.4940567016602,
    "specimen_id": 478110866,
    "stimulus_absolute_amplitude": 115.875004036425,
    "stimulus_description": "C1NSSEED_1150216[0]",
    "stimulus_duration": 18.999995,
    "stimulus_interval": 8.0,
    "stimulus_name": "Noise 1",
    "stimulus_relative_amplitude": 0.5,
    "stimulus_start_time": 2.02,
    "stimulus_units": "Amps",
    "sweep_number": 42,
    "vm_delta_mv": 0.213737487792969
  },
  {
    "bridge_balance_mohm": 15.2014646530151,
    "id": 478112381,
    "leak_pa": -1.73320949077606,
    "num_spikes": 0,
    "peak_deflection": -96.0312576293945,
    "post_noise_rms_mv": 0.0441129021346569,
    "post_vm_mv": -73.7414169311523,
    "pre_noise_rms_mv": 0.0396244823932648,
    "pre_vm_mv": -74.5761032104492,
    "slow_noise_rms_mv": 0.100829049944878,
    "slow_vm_mv": -74.5761032104492,
    "specimen_id": 478110866,
    "stimulus_absolute_amplitude": -90.0000005077395,
    "stimulus_description": "C1LSCOARSE150216[1]",
    "stimulus_duration": 0.999995,
    "stimulus_interval": 0.0,
    "stimulus_name": "Long Square",
    "stimulus_relative_amplitude": 1.0,
    "stimulus_start_time": 1.02,
    "stimulus_units": "Amps",
    "sweep_number": 21,
    "vm_delta_mv": 0.834686279296875
  },
  {
    "bridge_balance_mohm": 15.2014646530151,
    "id": 478112435,
    "leak_pa": -6.74713706970215,
    "num_spikes": 78,
    "peak_deflection": null,
    "post_noise_rms_mv": 0.034898828715086,
    "post_vm_mv": -75.7091827392578,
    "pre_noise_rms_mv": 0.0426355786621571,
    "pre_vm_mv": -75.6682968139648,
    "slow_noise_rms_mv": 0.228055566549301,
    "slow_vm_mv": -75.6682968139648,
    "specimen_id": 478110866,
    "stimulus_absolute_amplitude": 115.875004036425,
    "stimulus_description": "C1NSSEED_1150216[0]",
    "stimulus_duration": 18.999995,
    "stimulus_interval": 8.0,
    "stimulus_name": "Noise 1",
    "stimulus_relative_amplitude": 0.5,
    "stimulus_start_time": 2.02,
    "stimulus_units": "Amps",
    "sweep_number": 46,
    "vm_delta_mv": 0.0408859252929688
  },
  {
    "bridge_balance_mohm": 15.2014646530151,
    "id": 478112367,
    "leak_pa": -2.59981417655945,
    "num_spikes": 1,
    "peak_deflection": null,
    "post_noise_rms_mv": 0.0484373942017555,
    "post_vm_mv": -75.7023468017578,
    "pre_noise_rms_mv": 0.0415360704064369,
    "pre_vm_mv": -75.6478576660156,
    "slow_noise_rms_mv": 0.104802325367928,
    "slow_vm_mv": -75.6478576660156,
    "specimen_id": 478110866,
    "stimulus_absolute_amplitude": 350.000001203554,
    "stimulus_description": "C1SSFINEST150112[0]",
    "stimulus_duration": 0.002995,
    "stimulus_interval": 0.0,
    "stimulus_name": "Short Square",
    "stimulus_relative_amplitude": 3.5,
    "stimulus_start_time": 1.02,
    "stimulus_units": "Amps",
    "sweep_number": 15,
    "vm_delta_mv": 0.0544891357421875
  },
  {
    "bridge_balance_mohm": 15.2014646530151,
    "id": 478112413,
    "leak_pa": -4.023521900177,
    "num_spikes": 0,
    "peak_deflection": -51.28125,
    "post_noise_rms_mv": 0.0398174449801445,
    "post_vm_mv": -75.5136184692383,
    "pre_noise_rms_mv": 0.0350958108901978,
    "pre_vm_mv": -75.5753707885742,
    "slow_noise_rms_mv": 0.184922501444817,
    "slow_vm_mv": -75.5753707885742,
    "specimen_id": 478110866,
    "stimulus_absolute_amplitude": 39.9999998401679,
    "stimulus_description": "C1LSFINEST150112[0]",
    "stimulus_duration": 0.999995,
    "stimulus_interval": 0.0,
    "stimulus_name": "Long Square",
    "stimulus_relative_amplitude": 0.4,
    "stimulus_start_time": 1.02,
    "stimulus_units": "Amps",
    "sweep_number": 36,
    "vm_delta_mv": 0.0617523193359375
  },
  {
    "bridge_balance_mohm": 15.2014646530151,
    "id": 478112466,
    "leak_pa": -0.619003355503082,
    "num_spikes": 0,
    "peak_deflection": null,
    "post_noise_rms_mv": 0.0412575602531433,
    "post_vm_mv": -74.6443634033203,
    "pre_noise_rms_mv": 0.04322524741292,
    "pre_vm_mv": -74.6413726806641,
    "slow_noise_rms_mv": 0.0777592882514,
    "slow_vm_mv": -74.6413726806641,
    "specimen_id": 478110866,
    "stimulus_absolute_amplitude": 200.000002670286,
    "stimulus_description": "C1SSCOARSE150112[1]",
    "stimulus_duration": 0.002995,
    "stimulus_interval": 0.0,
    "stimulus_name": "Short Square",
    "stimulus_relative_amplitude": 1.0,
    "stimulus_start_time": 1.02,
    "stimulus_units": "Amps",
    "sweep_number": 9,
    "vm_delta_mv": 0.00299072265625
  },
  {
    "bridge_balance_mohm": 0.0,
    "id": 478112458,
    "leak_pa": 0.0,
    "num_spikes": 0,
    "peak_deflection": null,
    "post_noise_rms_mv": 0.0437172465026379,
    "post_vm_mv": 1.43541312217712,
    "pre_noise_rms_mv": 0.0452465862035751,
    "pre_vm_mv": 1.4338196516037,
    "slow_noise_rms_mv": 0.0462155938148499,
    "slow_vm_mv": 1.4338196516037,
    "specimen_id": 478110866,
    "stimulus_absolute_amplitude": 0.0,
    "stimulus_description": "EXTPBLWOUT141203[0]",
    "stimulus_duration": 0.0,
    "stimulus_interval": 0.0,
    "stimulus_name": "Test",
    "stimulus_relative_amplitude": 1.0,
    "stimulus_start_time": 0.0,
    "stimulus_units": "Amps",
    "sweep_number": 56,
    "vm_delta_mv": 0.00159347057342529
  },
  {
    "bridge_balance_mohm": 15.2014646530151,
    "id": 478112409,
    "leak_pa": -5.75673151016235,
    "num_spikes": 51,
    "peak_deflection": null,
    "post_noise_rms_mv": 0.0457076989114285,
    "post_vm_mv": -75.580207824707,
    "pre_noise_rms_mv": 0.0504515618085861,
    "pre_vm_mv": -75.7710723876953,
    "slow_noise_rms_mv": 0.356983929872513,
    "slow_vm_mv": -75.7710723876953,
    "specimen_id": 478110866,
    "stimulus_absolute_amplitude": 170.000000188075,
    "stimulus_description": "C1LSCOARSE150216[14]",
    "stimulus_duration": 0.999995,
    "stimulus_interval": 0.0,
    "stimulus_name": "Long Square",
    "stimulus_relative_amplitude": 1.0,
    "stimulus_start_time": 1.02,
    "stimulus_units": "Amps",
    "sweep_number": 34,
    "vm_delta_mv": 0.190864562988281
  },
  {
    "bridge_balance_mohm": 18.0097675323486,
    "id": 478112450,
    "leak_pa": -12.0705671310425,
    "num_spikes": 2,
    "peak_deflection": null,
    "post_noise_rms_mv": 0.0418931618332863,
    "post_vm_mv": -75.2925262451172,
    "pre_noise_rms_mv": 0.0480256862938404,
    "pre_vm_mv": -75.3715286254883,
    "slow_noise_rms_mv": 0.183059170842171,
    "slow_vm_mv": -75.3715286254883,
    "specimen_id": 478110866,
    "stimulus_absolute_amplitude": 50.0000006675716,
    "stimulus_description": "C2SQRHELNG150216[0]",
    "stimulus_duration": 1.999995,
    "stimulus_interval": 0.0,
    "stimulus_name": "Square - 2s Suprathreshold",
    "stimulus_relative_amplitude": 0.5,
    "stimulus_start_time": 1.02,
    "stimulus_units": "Amps",
    "sweep_number": 52,
    "vm_delta_mv": 0.0790023803710938
  },
  {
    "bridge_balance_mohm": 15.2014646530151,
    "id": 478112357,
    "leak_pa": -0.619003355503082,
    "num_spikes": 0,
    "peak_deflection": null,
    "post_noise_rms_mv": 0.0397378094494343,
    "post_vm_mv": -74.6864395141602,
    "pre_noise_rms_mv": 0.0459383279085159,
    "pre_vm_mv": -74.606071472168,
    "slow_noise_rms_mv": 0.1035196185112,
    "slow_vm_mv": -74.606071472168,
    "specimen_id": 478110866,
    "stimulus_absolute_amplitude": 299.999997066536,
    "stimulus_description": "C1SSCOARSE150112[2]",
    "stimulus_duration": 0.002995,
    "stimulus_interval": 0.0,
    "stimulus_name": "Short Square",
    "stimulus_relative_amplitude": 1.0,
    "stimulus_start_time": 1.02,
    "stimulus_units": "Amps",
    "sweep_number": 10,
    "vm_delta_mv": 0.0803680419921875
  },
  {
    "bridge_balance_mohm": 15.2014646530151,
    "id": 478112462,
    "leak_pa": 0.0,
    "num_spikes": 35,
    "peak_deflection": null,
    "post_noise_rms_mv": 0.0,
    "post_vm_mv": 0.0,
    "pre_noise_rms_mv": 0.0419246815145016,
    "pre_vm_mv": -74.6801223754883,
    "slow_noise_rms_mv": 0.0976972654461861,
    "slow_vm_mv": -74.6801223754883,
    "specimen_id": 478110866,
    "stimulus_absolute_amplitude": 800.000010681146,
    "stimulus_description": "C1RP25PR1S141203[0]",
    "stimulus_duration": 31.997495,
    "stimulus_interval": 0.0,
    "stimulus_name": "Ramp",
    "stimulus_relative_amplitude": 1.0,
    "stimulus_start_time": 1.0225,
    "stimulus_units": "Amps",
    "sweep_number": 7,
    "vm_delta_mv": 0.0
  },
  {
    "bridge_balance_mohm": 15.2014646530151,
    "id": 478112383,
    "leak_pa": -1.73320949077606,
    "num_spikes": 0,
    "peak_deflection": -92.9375076293945,
    "post_noise_rms_mv": 0.0347756147384644,
    "post_vm_mv": -74.569091796875,
    "pre_noise_rms_mv": 0.0379219129681587,
    "pre_vm_mv": -74.540153503418,
    "slow_noise_rms_mv": 0.0732437670230865,
    "slow_vm_mv": -74.540153503418,
    "specimen_id": 478110866,
    "stimulus_absolute_amplitude": -69.9999988529321,
    "stimulus_description": "C1LSCOARSE150216[2]",
    "stimulus_duration": 0.999995,
    "stimulus_interval": 0.0,
    "stimulus_name": "Long Square",
    "stimulus_relative_amplitude": 1.0,
    "stimulus_start_time": 1.02,
    "stimulus_units": "Amps",
    "sweep_number": 22,
    "vm_delta_mv": 0.0289382934570312
  },
  {
    "bridge_balance_mohm": 15.2014646530151,
    "id": 478112464,
    "leak_pa": -2.16651201248169,
    "num_spikes": 0,
    "peak_deflection": null,
    "post_noise_rms_mv": 0.0457292534410954,
    "post_vm_mv": -75.1374206542969,
    "pre_noise_rms_mv": 0.0389289706945419,
    "pre_vm_mv": -75.2271881103516,
    "slow_noise_rms_mv": 0.137781485915184,
    "slow_vm_mv": -75.2271881103516,
    "specimen_id": 478110866,
    "stimulus_absolute_amplitude": 100.000001335143,
    "stimulus_description": "C1SSCOARSE150112[0]",
    "stimulus_duration": 0.002995,
    "stimulus_interval": 0.0,
    "stimulus_name": "Short Square",
    "stimulus_relative_amplitude": 1.0,
    "stimulus_start_time": 1.02,
    "stimulus_units": "Amps",
    "sweep_number": 8,
    "vm_delta_mv": 0.0897674560546875
  },
  {
    "bridge_balance_mohm": 15.2014646530151,
    "id": 478112373,
    "leak_pa": -2.04271125793457,
    "num_spikes": 1,
    "peak_deflection": null,
    "post_noise_rms_mv": 0.0417285449802876,
    "post_vm_mv": -75.6064529418945,
    "pre_noise_rms_mv": 0.0429113730788231,
    "pre_vm_mv": -75.5363693237305,
    "slow_noise_rms_mv": 0.0976910293102264,
    "slow_vm_mv": -75.5363693237305,
    "specimen_id": 478110866,
    "stimulus_absolute_amplitude": 350.000001203554,
    "stimulus_description": "C1SSFINEST150112[0]",
    "stimulus_duration": 0.002995,
    "stimulus_interval": 0.0,
    "stimulus_name": "Short Square",
    "stimulus_relative_amplitude": 3.5,
    "stimulus_start_time": 1.02,
    "stimulus_units": "Amps",
    "sweep_number": 18,
    "vm_delta_mv": 0.0700836181640625
  },
  {
    "bridge_balance_mohm": 0.0,
    "id": 478112353,
    "leak_pa": 0.0,
    "num_spikes": 0,
    "peak_deflection": null,
    "post_noise_rms_mv": 0.0,
    "post_vm_mv": 0.0,
    "pre_noise_rms_mv": 0.0,
    "pre_vm_mv": 0.0,
    "slow_noise_rms_mv": 0.0,
    "slow_vm_mv": 0.0,
    "specimen_id": 478110866,
    "stimulus_absolute_amplitude": 9.99999977648258,
    "stimulus_description": "EXTPSMOKET141203[0]",
    "stimulus_duration": 0.069995,
    "stimulus_interval": 0.05,
    "stimulus_name": "Test",
    "stimulus_relative_amplitude": 1.0,
    "stimulus_start_time": 0.03,
    "stimulus_units": "Volts",
    "sweep_number": 0,
    "vm_delta_mv": 0.0
  },
  {
    "bridge_balance_mohm": 15.2014646530151,
    "id": 478112389,
    "leak_pa": -1.73320949077606,
    "num_spikes": 0,
    "peak_deflection": -78.8125,
    "post_noise_rms_mv": 0.0506110675632954,
    "post_vm_mv": -74.4182281494141,
    "pre_noise_rms_mv": 0.0462640710175037,
    "pre_vm_mv": -74.6652984619141,
    "slow_noise_rms_mv": 0.118317633867264,
    "slow_vm_mv": -74.6652984619141,
    "specimen_id": 478110866,
    "stimulus_absolute_amplitude": -9.99999996004197,
    "stimulus_description": "C1LSCOARSE150216[5]",
    "stimulus_duration": 0.999995,
    "stimulus_interval": 0.0,
    "stimulus_name": "Long Square",
    "stimulus_relative_amplitude": 1.0,
    "stimulus_start_time": 1.02,
    "stimulus_units": "Amps",
    "sweep_number": 25,
    "vm_delta_mv": 0.2470703125
  },
  {
    "bridge_balance_mohm": 15.2014646530151,
    "id": 478112379,
    "leak_pa": -3.21881771087646,
    "num_spikes": 0,
    "peak_deflection": -99.2187576293945,
    "post_noise_rms_mv": 0.0369848906993866,
    "post_vm_mv": -74.9359893798828,
    "pre_noise_rms_mv": 0.0433594584465027,
    "pre_vm_mv": -75.7502517700195,
    "slow_noise_rms_mv": 0.133527621626854,
    "slow_vm_mv": -75.7502517700195,
    "specimen_id": 478110866,
    "stimulus_absolute_amplitude": -110.000002162547,
    "stimulus_description": "C1LSCOARSE150216[0]",
    "stimulus_duration": 0.999995,
    "stimulus_interval": 0.0,
    "stimulus_name": "Long Square",
    "stimulus_relative_amplitude": 1.0,
    "stimulus_start_time": 1.02,
    "stimulus_units": "Amps",
    "sweep_number": 20,
    "vm_delta_mv": 0.814262390136719
  },
  {
    "bridge_balance_mohm": 15.2014646530151,
    "id": 478112363,
    "leak_pa": -2.90931606292725,
    "num_spikes": 0,
    "peak_deflection": null,
    "post_noise_rms_mv": 0.0410893931984901,
    "post_vm_mv": -75.7113265991211,
    "pre_noise_rms_mv": 0.0410272739827633,
    "pre_vm_mv": -75.6779022216797,
    "slow_noise_rms_mv": 0.0845002979040146,
    "slow_vm_mv": -75.6779022216797,
    "specimen_id": 478110866,
    "stimulus_absolute_amplitude": 329.999999548747,
    "stimulus_description": "C1SSFINEST150112[0]",
    "stimulus_duration": 0.002995,
    "stimulus_interval": 0.0,
    "stimulus_name": "Short Square",
    "stimulus_relative_amplitude": 3.3,
    "stimulus_start_time": 1.02,
    "stimulus_units": "Amps",
    "sweep_number": 13,
    "vm_delta_mv": 0.0334243774414062
  },
  {
    "bridge_balance_mohm": 15.2014646530151,
    "id": 478112397,
    "leak_pa": -2.16651201248169,
    "num_spikes": 19,
    "peak_deflection": null,
    "post_noise_rms_mv": 0.0457091554999352,
    "post_vm_mv": -75.2711868286133,
    "pre_noise_rms_mv": 0.0301454272121191,
    "pre_vm_mv": -75.0347137451172,
    "slow_noise_rms_mv": 0.136915504932404,
    "slow_vm_mv": -75.0347137451172,
    "specimen_id": 478110866,
    "stimulus_absolute_amplitude": 69.9999988529321,
    "stimulus_description": "C1LSCOARSE150216[9]",
    "stimulus_duration": 0.999995,
    "stimulus_interval": 0.0,
    "stimulus_name": "Long Square",
    "stimulus_relative_amplitude": 1.0,
    "stimulus_start_time": 1.02,
    "stimulus_units": "Amps",
    "sweep_number": 29,
    "vm_delta_mv": 0.236473083496094
  }
]