{
  "id": 479234506,
  "name": "Biophysical - perisomatic_Htr3a-Cre_NO152;Ai14-192821.05.01.01",
  "neuronal_model_template_id": 329230710,
  "specimen_id": 478110866,
  "specimen": {
    "cell_prep_sample_id": null,
    "cell_reporter_id": 491913822,
    "data": null,
    "donor_id": 477840314,
    "ephys_result_id": 478110860,
    "external_specimen_name": null,
    "failed_facet": 734881840,
    "hemisphere": "left",
    "id": 478110866,
    "is_cell_specimen": true,
    "is_ish": false,
    "name": "Htr3a-Cre_NO152;Ai14-192821.05.01.01",
    "parent_id": 478106785,
    "parent_x_coord": 0,
    "parent_y_coord": 0,
    "parent_z_coord": 1,
    "rna_integrity_number": null,
    "specimen_id_path": "/477840316/478106429/478106785/478110866/",
    "sphinx_id": 66520,
    "structure_id": 778,
    "tissue_ph": null,
    "treatment_id": 471133395,
    "weight": 9000,
    "donor": {
      "age_id": 20,
      "chemotherapy": null,
      "condition_description": null,
      "data": null,
      "donor_condition_description_facet": null,
      "donor_race_only_facet": null,
      "donor_sex_facet": 4122955671,
      "donor_strain_facet": null,
      "donor_strain_only_facet": null,
      "egfr_amplification": null,
      "extent_of_resection": null,
      "external_donor_name": "192821",
      "handedness": null,
      "id": 477840314,
      "initial_kps": null,
      "mgmt_ihc": null,
      "mgmt_methylation": null,
      "molecular_subtype": null,
      "multifocal": null,
      "name": "Htr3a-Cre_NO152;Ai14-192821",
      "organism_id": 2,
      "pmi": null,
      "primary_tissue_source": null,
      "pten_deletion": null,
      "race_only": null,
      "radiation_therapy": null,
      "recurrence_by_six_months": null,
      "sex": "M",
      "sex_full_name": "Male",
      "sleep_state": null,
      "smoker": null,
      "strain": null,
      "strain_only": "",
      "survival_days": null,
      "tags": "Htr3a-Cre_NO152;Ai14-192821 ",
      "theiler_stage": null,
      "time_to_progression_or_recurrence": null,
      "transgenic_mouse_id": null,
      "tumor_status": null,
      "weight_grams": null,
      "transgenic_lines": [
        {
          "description": "tdTomato fluorescent protein is expressed in cytoplasm",
          "id": 177836291,
          "name": "Ai14",
          "originating_lab": "Allen Institute for Brain Science",
          "stock_number": "007914",
          "sub_image_annotation_id": 21592,
          "transgenic_line_source_name": "JAX",
          "transgenic_line_type_code": "R",
          "transgenic_line_type_name": "reporter",
          "url_prefix": "http://jaxmice.jax.org/strain/",
          "url_suffix": ".html"
        },
        {
          "description": "Reporter expression is detected in a subset of cortical interneurons. Enrichment is also detected in restricted populations within olfactory areas, pallidum, hypothalamus, pons, medulla, and cerebellum.",
          "id": 298341195,
          "name": "Htr3a-Cre_NO152",
          "originating_lab": "Nathaniel Heintz and Charles Gerfen",
          "stock_number": "036680",
          "sub_image_annotation_id": 308565632,
          "transgenic_line_source_name": "MMRRC",
          "transgenic_line_type_code": "D",
          "transgenic_line_type_name": "driver",
          "url_prefix": "http://www.mmrrc.org/catalog/getSDS.jsp?mmrrc_id=",
          "url_suffix": null
        }
      ]
    },
    "specimen_tags": [
      {
        "name": "apical - NA"
      },
      {
        "name": "dendrite type - aspiny"
      }
    ],
    "structure": {
      "acronym": "VISp5",
      "atlas_id": 1087,
      "color_hex_triplet": "08858C",
      "depth": 8,
      "failed": false,
      "failed_facet": 734881840,
      "graph_id": 1,
      "graph_order": 186,
      "hemisphere_id": 3,
      "id": 778,
      "name": "Primary visual area, layer 5",
      "neuro_name_structure_id": null,
      "neuro_name_structure_id_path": null,
      "ontology_id": 1,
      "parent_structure_id": 385,
      "safe_name": "Primary visual area layer 5",
      "sphinx_id": 187,
      "st_level": null,
      "structure_id_path": "/997/8/567/688/695/315/669/385/778/",
      "structure_name_facet": 1453946728,
      "weight": 8690
    }
  },
  "neuronal_model_runs": [
    {
      "explained_variance_ratio": 0.790071758789225,
      "rheobase_feature_average": 0.817178458275119
    }
  ]
}